{
  "probe1_stats": {
    "eng_restaurant": {
      "V": {
        "n": 3659,
        "mean": 6.219874282590873,
        "std": 1.8297495667311188,
        "q05": 2.5,
        "q50": 7.0,
        "q95": 8.12,
        "range95": 5.619999999999999
      },
      "A": {
        "n": 3659,
        "mean": 6.843509155506968,
        "std": 1.13352484974102,
        "q05": 5.0,
        "q50": 7.17,
        "q95": 8.254999999999995,
        "range95": 3.2549999999999955
      },
      "corr_VA": 0.5505983494293436
    },
    "eng_laptop": {
      "V": {
        "n": 5773,
        "mean": 5.936842196431664,
        "std": 1.7630108125325534,
        "q05": 2.75,
        "q50": 6.62,
        "q95": 8.0,
        "range95": 5.25
      },
      "A": {
        "n": 5773,
        "mean": 6.667969859691668,
        "std": 1.0318311179030857,
        "q05": 5.0,
        "q50": 6.88,
        "q95": 8.12,
        "range95": 3.119999999999999
      },
      "corr_VA": 0.5983526509913486
    },
    "zho_restaurant": {
      "V": {
        "n": 8523,
        "mean": 5.813731080605421,
        "std": 0.992062109379946,
        "q05": 3.83,
        "q50": 6.1,
        "q95": 7.0,
        "range95": 3.17
      },
      "A": {
        "n": 8523,
        "mean": 5.757157104305995,
        "std": 0.6475782208432015,
        "q05": 4.83,
        "q50": 5.67,
        "q95": 6.88,
        "range95": 2.05
      },
      "corr_VA": 0.6072759967165936
    },
    "zho_laptop": {
      "V": {
        "n": 6502,
        "mean": 5.720747462319287,
        "std": 1.1437499484283513,
        "q05": 3.62,
        "q50": 6.0,
        "q95": 7.094999999999981,
        "range95": 3.474999999999981
      },
      "A": {
        "n": 6502,
        "mean": 5.622931405721317,
        "std": 0.6671032296969669,
        "q05": 4.75,
        "q50": 5.5,
        "q95": 6.88,
        "range95": 2.13
      },
      "corr_VA": 0.4024469384883677
    },
    "jpn_hotel": {
      "V": {
        "n": 2846,
        "mean": 6.322104708362614,
        "std": 1.1996508470729979,
        "q05": 3.5,
        "q50": 6.62,
        "q95": 7.5,
        "range95": 4.0
      },
      "A": {
        "n": 2846,
        "mean": 6.392189037245256,
        "std": 0.5648110718080435,
        "q05": 5.62,
        "q50": 6.33,
        "q95": 7.5,
        "range95": 1.88
      },
      "corr_VA": 0.4830400909902721
    },
    "rus_restaurant": {
      "V": {
        "n": 2487,
        "mean": 6.579203860072377,
        "std": 1.7998492569282116,
        "q05": 2.4,
        "q50": 7.1,
        "q95": 8.33,
        "range95": 5.93
      },
      "A": {
        "n": 2487,
        "mean": 6.865810213108161,
        "std": 1.0249898334095406,
        "q05": 5.0,
        "q50": 7.0,
        "q95": 8.3,
        "range95": 3.3000000000000007
      },
      "corr_VA": 0.29766053555362904
    },
    "tat_restaurant": {
      "V": {
        "n": 2487,
        "mean": 6.579203860072377,
        "std": 1.7998492569282116,
        "q05": 2.4,
        "q50": 7.1,
        "q95": 8.33,
        "range95": 5.93
      },
      "A": {
        "n": 2487,
        "mean": 6.865810213108161,
        "std": 1.0249898334095406,
        "q05": 5.0,
        "q50": 7.0,
        "q95": 8.3,
        "range95": 3.3000000000000007
      },
      "corr_VA": 0.29766053555362904
    },
    "ukr_restaurant": {
      "V": {
        "n": 2487,
        "mean": 6.579203860072377,
        "std": 1.7998492569282116,
        "q05": 2.4,
        "q50": 7.1,
        "q95": 8.33,
        "range95": 5.93
      },
      "A": {
        "n": 2487,
        "mean": 6.865810213108161,
        "std": 1.0249898334095406,
        "q05": 5.0,
        "q50": 7.0,
        "q95": 8.3,
        "range95": 3.3000000000000007
      },
      "corr_VA": 0.29766053555362904
    }
  },
  "probe2_parallel": {
    "train": {
      "split": "train",
      "common_ids": 1240,
      "total_quads_aligned": 2487,
      "mismatched_quad_count": 0,
      "mismatched_category": 0,
      "mismatched_VA_string": 0,
      "VA_euclid_rus_vs_tat": {
        "mean": 0.0,
        "max": 0.0,
        "frac_nonzero": 0.0
      },
      "VA_euclid_rus_vs_ukr": {
        "mean": 0.0,
        "max": 0.0,
        "frac_nonzero": 0.0
      },
      "VA_euclid_tat_vs_ukr": {
        "mean": 0.0,
        "max": 0.0,
        "frac_nonzero": 0.0
      }
    },
    "dev": {
      "split": "dev",
      "common_ids": 48,
      "total_quads_aligned": 102,
      "mismatched_quad_count": 0,
      "mismatched_category": 0,
      "mismatched_VA_string": 0,
      "VA_euclid_rus_vs_tat": {
        "mean": 0.0,
        "max": 0.0,
        "frac_nonzero": 0.0
      },
      "VA_euclid_rus_vs_ukr": {
        "mean": 0.0,
        "max": 0.0,
        "frac_nonzero": 0.0
      },
      "VA_euclid_tat_vs_ukr": {
        "mean": 0.0,
        "max": 0.0,
        "frac_nonzero": 0.0
      }
    },
    "test": {
      "split": "test",
      "common_ids": 630,
      "total_quads_aligned": 1310,
      "mismatched_quad_count": 0,
      "mismatched_category": 0,
      "mismatched_VA_string": 0,
      "VA_euclid_rus_vs_tat": {
        "mean": 0.0,
        "max": 0.0,
        "frac_nonzero": 0.0
      },
      "VA_euclid_rus_vs_ukr": {
        "mean": 0.0,
        "max": 0.0,
        "frac_nonzero": 0.0
      },
      "VA_euclid_tat_vs_ukr": {
        "mean": 0.0,
        "max": 0.0,
        "frac_nonzero": 0.0
      }
    }
  }
}